[
    {
        "id": "34f02773-5b84-4e2a-a31a-b1ce2fe17f36",
        "desc": "Recolectar las piedras del infinito",
        "completadoEn": "2021-01-31T01:41:53.773Z"
    },
    {
        "id": "6597e26e-9af8-4d4a-b8d3-de6a7769414c",
        "desc": "Espacio",
        "completadoEn": "2021-01-31T01:42:04.932Z"
    },
    {
        "id": "2ce51b14-2bcd-49c7-93ae-ca3cc22f1f55",
        "desc": "Mente",
        "completadoEn": "2021-01-31T01:42:04.932Z"
    },
    {
        "id": "eed80d9a-0965-4460-bccd-9aace0ad25db",
        "desc": "Realidad",
        "completadoEn": "2021-01-31T01:42:04.932Z"
    },
    {
        "id": "961ce2b4-10c3-4286-926e-de492c368b08",
        "desc": "Tiempo",
        "completadoEn": "2021-01-31T01:42:04.932Z"
    },
    {
        "id": "6929f0ce-42e5-4517-88e3-3c7f2a034f93",
        "desc": "Poder",
        "completadoEn": "2021-01-31T01:42:04.932Z"
    }
]